Cadastrar Tipo de Bolsa e Cota,https://helpdesk.unifesspa.edu.br/wiki-unifesspa/cadastrar-tipo-de-bolsa-e-cota/
Como realizo o cadastrar de Tipo de Bolsa e Cota,https://helpdesk.unifesspa.edu.br/wiki-unifesspa/cadastrar-tipo-de-bolsa-e-cota/
Como cadastrar tipo de bolsa e Cota,https://helpdesk.unifesspa.edu.br/wiki-unifesspa/cadastrar-tipo-de-bolsa-e-cota/
Como faço para cadastrar Tipo de Bolsa e Cota,https://helpdesk.unifesspa.edu.br/wiki-unifesspa/cadastrar-tipo-de-bolsa-e-cota/
Cadastrando o tipo de Bolsa e Cota,https://helpdesk.unifesspa.edu.br/wiki-unifesspa/cadastrar-tipo-de-bolsa-e-cota/
Folha de Pagamento Bolsista,https://helpdesk.unifesspa.edu.br/wiki-unifesspa/folha-de-pagamento-bolsista/
como posso gerar a folha de pagamento de um bolsista,https://helpdesk.unifesspa.edu.br/wiki-unifesspa/folha-de-pagamento-bolsista/
gerar folha de pagamento de bolsistas,https://helpdesk.unifesspa.edu.br/wiki-unifesspa/folha-de-pagamento-bolsista/
gerando folha de pagamento de bolsistas,https://helpdesk.unifesspa.edu.br/wiki-unifesspa/folha-de-pagamento-bolsista/
Obtendo folha de pagamento de um bolsista,https://helpdesk.unifesspa.edu.br/wiki-unifesspa/folha-de-pagamento-bolsista/
Gestor Global de Bolsa,https://helpdesk.unifesspa.edu.br/wiki-unifesspa/gestor-global-de-bolsa/
O que é o gestor global de bolsa,https://helpdesk.unifesspa.edu.br/wiki-unifesspa/gestor-global-de-bolsa/
Como usar o gestor global de bolsa,https://helpdesk.unifesspa.edu.br/wiki-unifesspa/gestor-global-de-bolsa/
Como realizar o gerenciamento de bolsas,https://helpdesk.unifesspa.edu.br/wiki-unifesspa/gestor-global-de-bolsa/
gerenciamento global de bolsas,https://helpdesk.unifesspa.edu.br/wiki-unifesspa/gestor-global-de-bolsa/
Anunciar Oportunidade de Bolsa,https://helpdesk.unifesspa.edu.br/wiki-unifesspa/anunciar-oportunidade-de-bolsa/
Como anunciar bolsas,https://helpdesk.unifesspa.edu.br/wiki-unifesspa/anunciar-oportunidade-de-bolsa/
Como anunciar oportunidade de bolsas,https://helpdesk.unifesspa.edu.br/wiki-unifesspa/anunciar-oportunidade-de-bolsa/
divulgar oportunidade de bolsa,https://helpdesk.unifesspa.edu.br/wiki-unifesspa/anunciar-oportunidade-de-bolsa/
como exibir oportunidade de bolsa,https://helpdesk.unifesspa.edu.br/wiki-unifesspa/anunciar-oportunidade-de-bolsa/
Frequência Bolsista,https://helpdesk.unifesspa.edu.br/wiki-unifesspa/frequencia-bolsista/
Como cadastrar a frequência de bolsistas,https://helpdesk.unifesspa.edu.br/wiki-unifesspa/frequencia-bolsista/
cadastrar a frequência de bolsistas,https://helpdesk.unifesspa.edu.br/wiki-unifesspa/frequencia-bolsista/
adicionar frequência ao bolsista,https://helpdesk.unifesspa.edu.br/wiki-unifesspa/frequencia-bolsista/
registrar a frequência do bolsista,https://helpdesk.unifesspa.edu.br/wiki-unifesspa/frequencia-bolsista/
